,da_price,predicted_da_price,wind_pred,wind_actual,solar_pred,solar_actual,combined_renewables,predicted_renewables
2021-03-20 00:00:00+01:00,68.76,,6846.794102684046,5497.0,0.0,68.76,5497.0,6846.794102684046
2021-03-20 00:15:00+01:00,61.65,,6846.794102684046,5175.0,0.0,61.65,5175.0,6846.794102684046
2021-03-20 00:30:00+01:00,54.84,,6846.794102684046,5008.0,0.0,54.84,5008.0,6846.794102684046
2021-03-20 00:45:00+01:00,41.5,,6846.794102684046,4848.0,0.0,41.5,4848.0,6846.794102684046
2021-03-20 01:00:00+01:00,64.78,,5694.754202679266,4729.0,0.0,64.78,4729.0,5694.754202679266
2021-03-20 01:15:00+01:00,58.78,,5694.754202679266,4673.0,0.0,58.78,4673.0,5694.754202679266
2021-03-20 01:30:00+01:00,56.42,,5694.754202679266,4497.0,0.0,56.42,4497.0,5694.754202679266
2021-03-20 01:45:00+01:00,47.83,,5694.754202679266,4481.0,0.0,47.83,4481.0,5694.754202679266
2021-03-20 02:00:00+01:00,52.95,,5307.852457458905,4432.0,0.0,52.95,4432.0,5307.852457458905
2021-03-20 02:15:00+01:00,47.79,,5307.852457458905,4403.0,0.0,47.79,4403.0,5307.852457458905
2021-03-20 02:30:00+01:00,53.3,,5307.852457458905,4447.0,0.0,53.3,4447.0,5307.852457458905
2021-03-20 02:45:00+01:00,54.25,,5307.852457458905,4541.0,0.0,54.25,4541.0,5307.852457458905
2021-03-20 03:00:00+01:00,47.94,,5339.171027908048,4634.0,0.0,47.94,4634.0,5339.171027908048
2021-03-20 03:15:00+01:00,50.31,,5339.171027908048,4720.0,0.0,50.31,4720.0,5339.171027908048
2021-03-20 03:30:00+01:00,50.65,,5339.171027908048,4883.0,0.0,50.65,4883.0,5339.171027908048
2021-03-20 03:45:00+01:00,51.4,,5339.171027908048,4980.0,0.0,51.4,4980.0,5339.171027908048
2021-03-20 04:00:00+01:00,51.93,,5254.362894138453,5040.0,0.0,51.93,5040.0,5254.362894138453
2021-03-20 04:15:00+01:00,49.28,,5254.362894138453,5120.0,0.0,49.28,5120.0,5254.362894138453
2021-03-20 04:30:00+01:00,53.15,,5254.362894138453,5225.0,0.0,53.15,5225.0,5254.362894138453
2021-03-20 04:45:00+01:00,50.19,,5254.362894138453,5435.0,0.0,50.19,5435.0,5254.362894138453
2021-03-20 05:00:00+01:00,55.03,,5374.71798206954,5633.0,0.0,55.03,5633.0,5374.71798206954
2021-03-20 05:15:00+01:00,48.99,,5374.71798206954,5712.0,0.0,48.99,5712.0,5374.71798206954
2021-03-20 05:30:00+01:00,53.48,,5374.71798206954,5730.0,0.0,53.48,5730.0,5374.71798206954
2021-03-20 05:45:00+01:00,54.0,,5374.71798206954,5776.0,0.0,54.0,5778.0,5374.71798206954
2021-03-20 06:00:00+01:00,50.79,,6094.658287774857,6149.0,362.75451914689995,50.79,6163.0,6457.412806921757
2021-03-20 06:15:00+01:00,55.49,,6094.658287774857,6094.0,362.75451914689995,55.49,6196.0,6457.412806921757
2021-03-20 06:30:00+01:00,54.96,,6094.658287774857,6061.0,362.75451914689995,54.96,6393.0,6457.412806921757
2021-03-20 06:45:00+01:00,49.24,,6094.658287774857,6177.0,362.75451914689995,49.24,7016.0,6457.412806921757
2021-03-20 07:00:00+01:00,60.1,,6185.086480859318,6302.0,4693.828477657821,60.1,8008.0,10878.91495851714
2021-03-20 07:15:00+01:00,57.35,,6185.086480859318,6384.0,4693.828477657821,57.35,9118.0,10878.91495851714
2021-03-20 07:30:00+01:00,55.07,,6185.086480859318,6352.0,4693.828477657821,55.07,10301.0,10878.91495851714
2021-03-20 07:45:00+01:00,47.87,,6185.086480859318,6315.0,4693.828477657821,47.87,11485.0,10878.91495851714
2021-03-20 08:00:00+01:00,60.41,,5902.215992562624,6382.0,11135.88512446544,60.41,12889.0,17038.10111702806
2021-03-20 08:15:00+01:00,56.44,,5902.215992562624,6587.0,11135.88512446544,56.44,14543.0,17038.10111702806
2021-03-20 08:30:00+01:00,47.8,,5902.215992562624,6837.0,11135.88512446544,47.8,16312.0,17038.10111702806
2021-03-20 08:45:00+01:00,44.91,,5902.215992562624,6860.0,11135.88512446544,44.91,17735.0,17038.10111702806
2021-03-20 09:00:00+01:00,61.26,,6113.70444582281,7064.0,16759.574051704512,61.26,19431.0,22873.278497527324
2021-03-20 09:15:00+01:00,56.0,,6113.70444582281,7165.0,16759.574051704512,56.0,21095.0,22873.278497527324
2021-03-20 09:30:00+01:00,44.26,,6113.70444582281,7241.0,16759.574051704512,44.26,22150.0,22873.278497527324
2021-03-20 09:45:00+01:00,41.49,,6113.70444582281,7348.0,16759.574051704512,41.49,23129.0,22873.278497527324
2021-03-20 10:00:00+01:00,50.39,,7001.999801362461,7549.0,19239.324658968802,50.39,24289.0,26241.324460331263
2021-03-20 10:15:00+01:00,49.17,,7001.999801362461,7784.0,19239.324658968802,49.17,25255.0,26241.324460331263
2021-03-20 10:30:00+01:00,40.35,,7001.999801362461,8291.0,19239.324658968802,40.35,26521.0,26241.324460331263
2021-03-20 10:45:00+01:00,37.1,,7001.999801362461,8400.0,19239.324658968802,37.1,27253.0,26241.324460331263
2021-03-20 11:00:00+01:00,51.31,,7933.512937607553,8605.0,19070.399678264916,51.31,28088.0,27003.91261587247
2021-03-20 11:15:00+01:00,47.91,,7933.512937607553,8880.0,19070.399678264916,47.91,28818.0,27003.91261587247
2021-03-20 11:30:00+01:00,42.85,,7933.512937607553,9053.0,19070.399678264916,42.85,29512.0,27003.91261587247
2021-03-20 11:45:00+01:00,39.69,,7933.512937607553,9354.0,19070.399678264916,39.69,30219.0,27003.91261587247
2021-03-20 12:00:00+01:00,51.31,,8817.580084859854,9821.0,20346.856877974267,51.31,31012.0,29164.436962834123
2021-03-20 12:15:00+01:00,43.88,,8817.580084859854,10407.0,20346.856877974267,43.88,31795.0,29164.436962834123
2021-03-20 12:30:00+01:00,42.16,,8817.580084859854,10919.0,20346.856877974267,42.16,32185.0,29164.436962834123
2021-03-20 12:45:00+01:00,38.24,,8817.580084859854,11276.0,20346.856877974267,38.24,32560.0,29164.436962834123
2021-03-20 13:00:00+01:00,47.92,,9941.960113186082,11552.0,19428.389385293583,47.92,32596.0,29370.349498479663
2021-03-20 13:15:00+01:00,40.31,,9941.960113186082,11870.0,19428.389385293583,40.31,32788.0,29370.349498479663
2021-03-20 13:30:00+01:00,38.68,,9941.960113186082,12254.0,19428.389385293583,38.68,32700.0,29370.349498479663
2021-03-20 13:45:00+01:00,35.26,,9941.960113186082,12476.0,19428.389385293583,35.26,32444.0,29370.349498479663
2021-03-20 14:00:00+01:00,33.33,,10927.41798393185,12839.0,17235.72931583423,33.33,32063.0,28163.14729976608
2021-03-20 14:15:00+01:00,39.92,,10927.41798393185,13541.0,17235.72931583423,39.92,31795.0,28163.14729976608
2021-03-20 14:30:00+01:00,39.59,,10927.41798393185,13944.0,17235.72931583423,39.59,30881.0,28163.14729976608
2021-03-20 14:45:00+01:00,48.38,,10927.41798393185,14020.0,17235.72931583423,48.38,29750.0,28163.14729976608
2021-03-20 15:00:00+01:00,30.33,,12259.976321481101,14412.0,12844.058086298612,30.33,29011.0,25104.034407779713
2021-03-20 15:15:00+01:00,49.94,,12259.976321481101,14742.0,12844.058086298612,49.94,27967.0,25104.034407779713
2021-03-20 15:30:00+01:00,46.0,,12259.976321481101,15259.0,12844.058086298612,46.0,27049.0,25104.034407779713
2021-03-20 15:45:00+01:00,57.39,,12259.976321481101,15509.0,12844.058086298612,57.39,25851.0,25104.034407779713
2021-03-20 16:00:00+01:00,25.14,,13701.604018745096,15844.0,8162.089847786586,25.14,24682.0,21863.69386653168
2021-03-20 16:15:00+01:00,46.05,,13701.604018745096,15920.0,8162.089847786586,46.05,23396.597999999998,21863.69386653168
2021-03-20 16:30:00+01:00,49.57,,13701.604018745096,,8162.089847786586,49.57,,21863.69386653168
2021-03-20 16:45:00+01:00,60.55,,13701.604018745096,,8162.089847786586,60.55,,21863.69386653168
2021-03-20 17:00:00+01:00,37.29,,14910.77463465131,,3208.0588651507796,37.29,,18118.83349980209
2021-03-20 17:15:00+01:00,50.2,,14910.77463465131,,3208.0588651507796,50.2,,18118.83349980209
2021-03-20 17:30:00+01:00,57.87,,14910.77463465131,,3208.0588651507796,57.87,,18118.83349980209
2021-03-20 17:45:00+01:00,66.24,,14910.77463465131,,3208.0588651507796,66.24,,18118.83349980209
2021-03-20 18:00:00+01:00,55.1,,16561.35301204695,,217.27243005862016,55.1,,16778.62544210557
2021-03-20 18:15:00+01:00,59.67,,16561.35301204695,,217.27243005862016,59.67,,16778.62544210557
2021-03-20 18:30:00+01:00,65.54,,16561.35301204695,,217.27243005862016,65.54,,16778.62544210557
2021-03-20 18:45:00+01:00,67.46,,16561.35301204695,,217.27243005862016,67.46,,16778.62544210557
2021-03-20 19:00:00+01:00,101.55,,17706.13165539834,,0.0,101.55,,17706.13165539834
2021-03-20 19:15:00+01:00,66.48,,17706.13165539834,,0.0,66.48,,17706.13165539834
2021-03-20 19:30:00+01:00,60.53,,17706.13165539834,,0.0,60.53,,17706.13165539834
2021-03-20 19:45:00+01:00,54.01,,17706.13165539834,,0.0,54.01,,17706.13165539834
2021-03-20 20:00:00+01:00,81.52,,18545.90079990741,,0.0,81.52,,18545.90079990741
2021-03-20 20:15:00+01:00,64.72,,18545.90079990741,,0.0,64.72,,18545.90079990741
2021-03-20 20:30:00+01:00,45.17,,18545.90079990741,,0.0,45.17,,18545.90079990741
2021-03-20 20:45:00+01:00,41.22,,18545.90079990741,,0.0,41.22,,18545.90079990741
2021-03-20 21:00:00+01:00,60.85,,20375.84636419626,,0.0,60.85,,20375.84636419626
2021-03-20 21:15:00+01:00,56.02,,20375.84636419626,,0.0,56.02,,20375.84636419626
2021-03-20 21:30:00+01:00,41.48,,20375.84636419626,,0.0,41.48,,20375.84636419626
2021-03-20 21:45:00+01:00,35.33,,20375.84636419626,,0.0,35.33,,20375.84636419626
2021-03-20 22:00:00+01:00,62.49,,21513.169286977478,,0.0,62.49,,21513.169286977478
2021-03-20 22:15:00+01:00,50.08,,21513.169286977478,,0.0,50.08,,21513.169286977478
2021-03-20 22:30:00+01:00,41.46,,21513.169286977478,,0.0,41.46,,21513.169286977478
2021-03-20 22:45:00+01:00,36.67,,21513.169286977478,,0.0,36.67,,21513.169286977478
2021-03-20 23:00:00+01:00,62.71,,22560.703971775478,,0.0,62.71,,22560.703971775478
2021-03-20 23:15:00+01:00,49.45,,22560.703971775478,,0.0,49.45,,22560.703971775478
2021-03-20 23:30:00+01:00,41.04,,22560.703971775478,,0.0,41.04,,22560.703971775478
2021-03-20 23:45:00+01:00,25.05,,22560.703971775478,,0.0,25.05,,22560.703971775478
2021-03-21 00:00:00+01:00,62.73,,24073.241504411923,,0.0,62.73,,
2021-03-21 00:15:00+01:00,46.74,,24073.241504411923,,0.0,46.74,,
2021-03-21 00:30:00+01:00,22.43,,24073.241504411923,,0.0,22.43,,
2021-03-21 00:45:00+01:00,4.74,,24073.241504411923,,0.0,4.74,,
2021-03-21 01:00:00+01:00,49.38,,25610.969022943365,,0.0,49.38,,
2021-03-21 01:15:00+01:00,34.64,,25610.969022943365,,0.0,34.64,,
2021-03-21 01:30:00+01:00,32.62,,25610.969022943365,,0.0,32.62,,
2021-03-21 01:45:00+01:00,21.91,,25610.969022943365,,0.0,21.91,,
2021-03-21 02:00:00+01:00,50.91,,27593.855800654666,,0.0,50.91,,
2021-03-21 02:15:00+01:00,38.27,,27593.855800654666,,0.0,38.27,,
2021-03-21 02:30:00+01:00,35.48,,27593.855800654666,,0.0,35.48,,
2021-03-21 02:45:00+01:00,28.94,,27593.855800654666,,0.0,28.94,,
2021-03-21 03:00:00+01:00,37.52,,29610.91860038094,,0.0,37.52,,
2021-03-21 03:15:00+01:00,24.04,,29610.91860038094,,0.0,24.04,,
2021-03-21 03:30:00+01:00,15.67,,29610.91860038094,,0.0,15.67,,
2021-03-21 03:45:00+01:00,15.41,,29610.91860038094,,0.0,15.41,,
2021-03-21 04:00:00+01:00,27.82,,30239.43718723402,,0.0,27.82,,
2021-03-21 04:15:00+01:00,23.64,,30239.43718723402,,0.0,23.64,,
2021-03-21 04:30:00+01:00,16.89,,30239.43718723402,,0.0,16.89,,
2021-03-21 04:45:00+01:00,9.16,,30239.43718723402,,0.0,9.16,,
2021-03-21 05:00:00+01:00,38.27,,30537.633528702314,,0.0,38.27,,
2021-03-21 05:15:00+01:00,25.9,,30537.633528702314,,0.0,25.9,,
2021-03-21 05:30:00+01:00,20.88,,30537.633528702314,,0.0,20.88,,
2021-03-21 05:45:00+01:00,1.39,,30537.633528702314,,0.0,1.39,,
2021-03-21 06:00:00+01:00,21.56,,31705.136124264136,,140.83855765319214,21.56,,
2021-03-21 06:15:00+01:00,14.02,,31705.136124264136,,140.83855765319214,14.02,,
2021-03-21 06:30:00+01:00,2.7,,31705.136124264136,,140.83855765319214,2.7,,
2021-03-21 06:45:00+01:00,0.92,,31705.136124264136,,140.83855765319214,0.92,,
2021-03-21 07:00:00+01:00,4.55,,32400.470346266324,,1295.1371428021328,4.55,,
2021-03-21 07:15:00+01:00,10.49,,32400.470346266324,,1295.1371428021328,10.49,,
2021-03-21 07:30:00+01:00,25.66,,32400.470346266324,,1295.1371428021328,25.66,,
2021-03-21 07:45:00+01:00,36.37,,32400.470346266324,,1295.1371428021328,36.37,,
2021-03-21 08:00:00+01:00,14.01,,33396.6165729038,,3212.928623542494,14.01,,
2021-03-21 08:15:00+01:00,20.23,,33396.6165729038,,3212.928623542494,20.23,,
2021-03-21 08:30:00+01:00,36.31,,33396.6165729038,,3212.928623542494,36.31,,
2021-03-21 08:45:00+01:00,37.98,,33396.6165729038,,3212.928623542494,37.98,,
2021-03-21 09:00:00+01:00,25.63,,33147.27012872596,,5962.008788952377,25.63,,
2021-03-21 09:15:00+01:00,30.04,,33147.27012872596,,5962.008788952377,30.04,,
2021-03-21 09:30:00+01:00,30.46,,33147.27012872596,,5962.008788952377,30.46,,
2021-03-21 09:45:00+01:00,32.06,,33147.27012872596,,5962.008788952377,32.06,,
2021-03-21 10:00:00+01:00,26.99,,33363.92826200689,,7245.987285360288,26.99,,
2021-03-21 10:15:00+01:00,30.2,,33363.92826200689,,7245.987285360288,30.2,,
2021-03-21 10:30:00+01:00,33.19,,33363.92826200689,,7245.987285360288,33.19,,
2021-03-21 10:45:00+01:00,36.43,,33363.92826200689,,7245.987285360288,36.43,,
2021-03-21 11:00:00+01:00,16.21,,34246.56129382306,,8601.484195085708,16.21,,
2021-03-21 11:15:00+01:00,33.91,,34246.56129382306,,8601.484195085708,33.91,,
2021-03-21 11:30:00+01:00,39.42,,34246.56129382306,,8601.484195085708,39.42,,
2021-03-21 11:45:00+01:00,37.91,,34246.56129382306,,8601.484195085708,37.91,,
2021-03-21 12:00:00+01:00,39.41,,33684.08921589479,,10146.71193646154,39.41,,
2021-03-21 12:15:00+01:00,33.23,,33684.08921589479,,10146.71193646154,33.23,,
2021-03-21 12:30:00+01:00,33.17,,33684.08921589479,,10146.71193646154,33.17,,
2021-03-21 12:45:00+01:00,14.18,,33684.08921589479,,10146.71193646154,14.18,,
2021-03-21 13:00:00+01:00,37.85,,32608.95350858952,,9915.464212608065,37.85,,
2021-03-21 13:15:00+01:00,21.06,,32608.95350858952,,9915.464212608065,21.06,,
2021-03-21 13:30:00+01:00,17.76,,32608.95350858952,,9915.464212608065,17.76,,
2021-03-21 13:45:00+01:00,10.99,,32608.95350858952,,9915.464212608065,10.99,,
2021-03-21 14:00:00+01:00,15.0,,30529.55036620292,,8570.220092543572,15.0,,
2021-03-21 14:15:00+01:00,19.94,,30529.55036620292,,8570.220092543572,19.94,,
2021-03-21 14:30:00+01:00,19.06,,30529.55036620292,,8570.220092543572,19.06,,
2021-03-21 14:45:00+01:00,25.65,,30529.55036620292,,8570.220092543572,25.65,,
2021-03-21 15:00:00+01:00,9.26,,28755.37075533877,,7480.403776487537,9.26,,
2021-03-21 15:15:00+01:00,24.24,,28755.37075533877,,7480.403776487537,24.24,,
2021-03-21 15:30:00+01:00,21.72,,28755.37075533877,,7480.403776487537,21.72,,
2021-03-21 15:45:00+01:00,30.95,,28755.37075533877,,7480.403776487537,30.95,,
2021-03-21 16:00:00+01:00,0.89,,27427.249625122946,,5057.703027844767,0.89,,
2021-03-21 16:15:00+01:00,33.08,,27427.249625122946,,5057.703027844767,33.08,,
2021-03-21 16:30:00+01:00,33.0,,27427.249625122946,,5057.703027844767,33.0,,
2021-03-21 16:45:00+01:00,46.17,,27427.249625122946,,5057.703027844767,46.17,,
2021-03-21 17:00:00+01:00,20.09,,26271.920401727886,,2081.115109208163,20.09,,
2021-03-21 17:15:00+01:00,41.39,,26271.920401727886,,2081.115109208163,41.39,,
2021-03-21 17:30:00+01:00,42.57,,26271.920401727886,,2081.115109208163,42.57,,
2021-03-21 17:45:00+01:00,48.46,,26271.920401727886,,2081.115109208163,48.46,,
2021-03-21 18:00:00+01:00,37.03,,24846.809311527973,,172.20950686063873,37.03,,
2021-03-21 18:15:00+01:00,48.37,,24846.809311527973,,172.20950686063873,48.37,,
2021-03-21 18:30:00+01:00,64.04,,24846.809311527973,,172.20950686063873,64.04,,
2021-03-21 18:45:00+01:00,67.01,,24846.809311527973,,172.20950686063873,67.01,,
2021-03-21 19:00:00+01:00,68.44,,22095.106211232218,,0.0,68.44,,
2021-03-21 19:15:00+01:00,64.99,,22095.106211232218,,0.0,64.99,,
2021-03-21 19:30:00+01:00,64.98,,22095.106211232218,,0.0,64.98,,
2021-03-21 19:45:00+01:00,59.09,,22095.106211232218,,0.0,59.09,,
2021-03-21 20:00:00+01:00,67.06,,19850.189900480807,,0.0,67.06,,
2021-03-21 20:15:00+01:00,63.58,,19850.189900480807,,0.0,63.58,,
2021-03-21 20:30:00+01:00,53.03,,19850.189900480807,,0.0,53.03,,
2021-03-21 20:45:00+01:00,38.33,,19850.189900480807,,0.0,38.33,,
2021-03-21 21:00:00+01:00,52.82,,18092.485127746015,,0.0,52.82,,
2021-03-21 21:15:00+01:00,45.51,,18092.485127746015,,0.0,45.51,,
2021-03-21 21:30:00+01:00,49.03,,18092.485127746015,,0.0,49.03,,
2021-03-21 21:45:00+01:00,57.84,,18092.485127746015,,0.0,57.84,,
2021-03-21 22:00:00+01:00,57.74,,16156.21068783023,,0.0,57.74,,
2021-03-21 22:15:00+01:00,56.89,,16156.21068783023,,0.0,56.89,,
2021-03-21 22:30:00+01:00,52.69,,16156.21068783023,,0.0,52.69,,
2021-03-21 22:45:00+01:00,41.48,,16156.21068783023,,0.0,41.48,,
2021-03-21 23:00:00+01:00,63.19,,14624.394600873817,,0.0,63.19,,
2021-03-21 23:15:00+01:00,52.0,,14624.394600873817,,0.0,52.0,,
2021-03-21 23:30:00+01:00,42.06,,14624.394600873817,,0.0,42.06,,
2021-03-21 23:45:00+01:00,34.71,,14624.394600873817,,0.0,34.71,,
2021-03-22 00:00:00+01:00,,48.574184442926224,13596.986416743599,,0.0,,,
2021-03-22 00:15:00+01:00,,,13596.986416743599,,0.0,,,
2021-03-22 00:30:00+01:00,,,13596.986416743599,,0.0,,,
2021-03-22 00:45:00+01:00,,,13596.986416743599,,0.0,,,
2021-03-22 01:00:00+01:00,,44.43913097335418,12697.993858240488,,0.0,,,
2021-03-22 01:15:00+01:00,,,12697.993858240488,,0.0,,,
2021-03-22 01:30:00+01:00,,,12697.993858240488,,0.0,,,
2021-03-22 01:45:00+01:00,,,12697.993858240488,,0.0,,,
2021-03-22 02:00:00+01:00,,42.17747132450643,12407.128726741852,,0.0,,,
2021-03-22 02:15:00+01:00,,,12407.128726741852,,0.0,,,
2021-03-22 02:30:00+01:00,,,12407.128726741852,,0.0,,,
2021-03-22 02:45:00+01:00,,,12407.128726741852,,0.0,,,
2021-03-22 03:00:00+01:00,,42.19828004016425,12293.40373139387,,0.0,,,
2021-03-22 03:15:00+01:00,,,12293.40373139387,,0.0,,,
2021-03-22 03:30:00+01:00,,,12293.40373139387,,0.0,,,
2021-03-22 03:45:00+01:00,,,12293.40373139387,,0.0,,,
2021-03-22 04:00:00+01:00,,39.89390447072054,11976.58227081452,,0.0,,,
2021-03-22 04:15:00+01:00,,,11976.58227081452,,0.0,,,
2021-03-22 04:30:00+01:00,,,11976.58227081452,,0.0,,,
2021-03-22 04:45:00+01:00,,,11976.58227081452,,0.0,,,
2021-03-22 05:00:00+01:00,,45.23671316816063,11479.245240584725,,0.0,,,
2021-03-22 05:15:00+01:00,,,11479.245240584725,,0.0,,,
2021-03-22 05:30:00+01:00,,,11479.245240584725,,0.0,,,
2021-03-22 05:45:00+01:00,,,11479.245240584725,,0.0,,,
2021-03-22 06:00:00+01:00,,56.91581856275265,9943.939460034748,,438.4213369471404,,,
2021-03-22 06:15:00+01:00,,,9943.939460034748,,438.4213369471404,,,
2021-03-22 06:30:00+01:00,,,9943.939460034748,,438.4213369471404,,,
2021-03-22 06:45:00+01:00,,,9943.939460034748,,438.4213369471404,,,
2021-03-22 07:00:00+01:00,,67.84018244804278,7868.221081217686,,3451.1936553924834,,,
2021-03-22 07:15:00+01:00,,,7868.221081217686,,3451.1936553924834,,,
2021-03-22 07:30:00+01:00,,,7868.221081217686,,3451.1936553924834,,,
2021-03-22 07:45:00+01:00,,,7868.221081217686,,3451.1936553924834,,,
2021-03-22 08:00:00+01:00,,70.50363263355727,6963.9510022784,,7729.159041637729,,,
2021-03-22 08:15:00+01:00,,,6963.9510022784,,7729.159041637729,,,
2021-03-22 08:30:00+01:00,,,6963.9510022784,,7729.159041637729,,,
2021-03-22 08:45:00+01:00,,,6963.9510022784,,7729.159041637729,,,
2021-03-22 09:00:00+01:00,,65.7843600810098,6611.342870574514,,11729.158513355906,,,
2021-03-22 09:15:00+01:00,,,6611.342870574514,,11729.158513355906,,,
2021-03-22 09:30:00+01:00,,,6611.342870574514,,11729.158513355906,,,
2021-03-22 09:45:00+01:00,,,6611.342870574514,,11729.158513355906,,,
2021-03-22 10:00:00+01:00,,60.59637250280519,5335.498160946477,,14105.685098133425,,,
2021-03-22 10:15:00+01:00,,,5335.498160946477,,14105.685098133425,,,
2021-03-22 10:30:00+01:00,,,5335.498160946477,,14105.685098133425,,,
2021-03-22 10:45:00+01:00,,,5335.498160946477,,14105.685098133425,,,
2021-03-22 11:00:00+01:00,,59.10756561844546,4758.326710162746,,14895.77036138469,,,
2021-03-22 11:15:00+01:00,,,4758.326710162746,,14895.77036138469,,,
2021-03-22 11:30:00+01:00,,,4758.326710162746,,14895.77036138469,,,
2021-03-22 11:45:00+01:00,,,4758.326710162746,,14895.77036138469,,,
2021-03-22 12:00:00+01:00,,58.75313195529757,5260.982203899802,,12210.606146115442,,,
2021-03-22 12:15:00+01:00,,,5260.982203899802,,12210.606146115442,,,
2021-03-22 12:30:00+01:00,,,5260.982203899802,,12210.606146115442,,,
2021-03-22 12:45:00+01:00,,,5260.982203899802,,12210.606146115442,,,
2021-03-22 13:00:00+01:00,,57.17394015902893,6214.5657518451535,,9949.010771870599,,,
2021-03-22 13:15:00+01:00,,,6214.5657518451535,,9949.010771870599,,,
2021-03-22 13:30:00+01:00,,,6214.5657518451535,,9949.010771870599,,,
2021-03-22 13:45:00+01:00,,,6214.5657518451535,,9949.010771870599,,,
2021-03-22 14:00:00+01:00,,57.731637729480404,7276.350907110454,,8436.81577397342,,,
2021-03-22 14:15:00+01:00,,,7276.350907110454,,8436.81577397342,,,
2021-03-22 14:30:00+01:00,,,7276.350907110454,,8436.81577397342,,,
2021-03-22 14:45:00+01:00,,,7276.350907110454,,8436.81577397342,,,
2021-03-22 15:00:00+01:00,,56.42941027343442,8459.919822727408,,6494.1721168442455,,,
2021-03-22 15:15:00+01:00,,,8459.919822727408,,6494.1721168442455,,,
2021-03-22 15:30:00+01:00,,,8459.919822727408,,6494.1721168442455,,,
2021-03-22 15:45:00+01:00,,,8459.919822727408,,6494.1721168442455,,,
2021-03-22 16:00:00+01:00,,58.52696749527696,9119.476796167643,,3839.247647987765,,,
2021-03-22 16:15:00+01:00,,,9119.476796167643,,3839.247647987765,,,
2021-03-22 16:30:00+01:00,,,9119.476796167643,,3839.247647987765,,,
2021-03-22 16:45:00+01:00,,,9119.476796167643,,3839.247647987765,,,
2021-03-22 17:00:00+01:00,,64.77245212830466,8934.709638848602,,1547.5415644925667,,,
2021-03-22 17:15:00+01:00,,,8934.709638848602,,1547.5415644925667,,,
2021-03-22 17:30:00+01:00,,,8934.709638848602,,1547.5415644925667,,,
2021-03-22 17:45:00+01:00,,,8934.709638848602,,1547.5415644925667,,,
2021-03-22 18:00:00+01:00,,70.14244687002719,8747.35262553885,,140.29617297261936,,,
2021-03-22 18:15:00+01:00,,,8747.35262553885,,140.29617297261936,,,
2021-03-22 18:30:00+01:00,,,8747.35262553885,,140.29617297261936,,,
2021-03-22 18:45:00+01:00,,,8747.35262553885,,140.29617297261936,,,
2021-03-22 19:00:00+01:00,,74.75987762726997,9101.52677155047,,0.0,,,
2021-03-22 19:15:00+01:00,,,9101.52677155047,,0.0,,,
2021-03-22 19:30:00+01:00,,,9101.52677155047,,0.0,,,
2021-03-22 19:45:00+01:00,,,9101.52677155047,,0.0,,,
2021-03-22 20:00:00+01:00,,66.16985715462528,9129.922861529169,,0.0,,,
2021-03-22 20:15:00+01:00,,,9129.922861529169,,0.0,,,
2021-03-22 20:30:00+01:00,,,9129.922861529169,,0.0,,,
2021-03-22 20:45:00+01:00,,,9129.922861529169,,0.0,,,
2021-03-22 21:00:00+01:00,,58.99942347699762,9036.668487893285,,0.0,,,
2021-03-22 21:15:00+01:00,,,9036.668487893285,,0.0,,,
2021-03-22 21:30:00+01:00,,,9036.668487893285,,0.0,,,
2021-03-22 21:45:00+01:00,,,9036.668487893285,,0.0,,,
2021-03-22 22:00:00+01:00,,55.05966900337948,9050.325715218209,,0.0,,,
2021-03-22 22:15:00+01:00,,,9050.325715218209,,0.0,,,
2021-03-22 22:30:00+01:00,,,9050.325715218209,,0.0,,,
2021-03-22 22:45:00+01:00,,,9050.325715218209,,0.0,,,
2021-03-22 23:00:00+01:00,,51.11745608063701,9338.264435309005,,0.0,,,
2021-03-22 23:15:00+01:00,,,9338.264435309005,,0.0,,,
2021-03-22 23:30:00+01:00,,,9338.264435309005,,0.0,,,
2021-03-22 23:45:00+01:00,,,9338.264435309005,,0.0,,,
2021-03-23 00:00:00+01:00,,49.25787237721059,9416.268394767616,,0.0,,,
2021-03-23 00:15:00+01:00,,,9416.268394767616,,0.0,,,
2021-03-23 00:30:00+01:00,,,9416.268394767616,,0.0,,,
2021-03-23 00:45:00+01:00,,,9416.268394767616,,0.0,,,
2021-03-23 01:00:00+01:00,,47.79332133344337,9146.969541714088,,0.0,,,
2021-03-23 01:15:00+01:00,,,9146.969541714088,,0.0,,,
2021-03-23 01:30:00+01:00,,,9146.969541714088,,0.0,,,
2021-03-23 01:45:00+01:00,,,9146.969541714088,,0.0,,,
2021-03-23 02:00:00+01:00,,46.38461218410382,8576.069704579395,,0.0,,,
2021-03-23 02:15:00+01:00,,,8576.069704579395,,0.0,,,
2021-03-23 02:30:00+01:00,,,8576.069704579395,,0.0,,,
2021-03-23 02:45:00+01:00,,,8576.069704579395,,0.0,,,
2021-03-23 03:00:00+01:00,,43.96572556938537,8070.719512831856,,0.0,,,
2021-03-23 03:15:00+01:00,,,8070.719512831856,,0.0,,,
2021-03-23 03:30:00+01:00,,,8070.719512831856,,0.0,,,
2021-03-23 03:45:00+01:00,,,8070.719512831856,,0.0,,,
2021-03-23 04:00:00+01:00,,43.8283544872094,7987.545141029679,,0.0,,,
2021-03-23 04:15:00+01:00,,,7987.545141029679,,0.0,,,
2021-03-23 04:30:00+01:00,,,7987.545141029679,,0.0,,,
2021-03-23 04:45:00+01:00,,,7987.545141029679,,0.0,,,
2021-03-23 05:00:00+01:00,,47.784545856448275,8236.71289294416,,0.0,,,
2021-03-23 05:15:00+01:00,,,8236.71289294416,,0.0,,,
2021-03-23 05:30:00+01:00,,,8236.71289294416,,0.0,,,
2021-03-23 05:45:00+01:00,,,8236.71289294416,,0.0,,,
2021-03-23 06:00:00+01:00,,58.69086311028861,7661.062700954271,,327.2806553039756,,,
2021-03-23 06:15:00+01:00,,,7661.062700954271,,327.2806553039756,,,
2021-03-23 06:30:00+01:00,,,7661.062700954271,,327.2806553039756,,,
2021-03-23 06:45:00+01:00,,,7661.062700954271,,327.2806553039756,,,
2021-03-23 07:00:00+01:00,,69.38134439784432,6758.023681197078,,2615.5880621378387,,,
2021-03-23 07:15:00+01:00,,,6758.023681197078,,2615.5880621378387,,,
2021-03-23 07:30:00+01:00,,,6758.023681197078,,2615.5880621378387,,,
2021-03-23 07:45:00+01:00,,,6758.023681197078,,2615.5880621378387,,,
2021-03-23 08:00:00+01:00,,70.64986686971315,6017.9741122894675,,6208.986239836884,,,
2021-03-23 08:15:00+01:00,,,6017.9741122894675,,6208.986239836884,,,
2021-03-23 08:30:00+01:00,,,6017.9741122894675,,6208.986239836884,,,
2021-03-23 08:45:00+01:00,,,6017.9741122894675,,6208.986239836884,,,
2021-03-23 09:00:00+01:00,,65.83734737706808,5914.898347238495,,10410.343165052178,,,
2021-03-23 09:15:00+01:00,,,5914.898347238495,,10410.343165052178,,,
2021-03-23 09:30:00+01:00,,,5914.898347238495,,10410.343165052178,,,
2021-03-23 09:45:00+01:00,,,5914.898347238495,,10410.343165052178,,,
2021-03-23 10:00:00+01:00,,61.360350655814656,5906.246588056283,,12914.493898579087,,,
2021-03-23 10:15:00+01:00,,,5906.246588056283,,12914.493898579087,,,
2021-03-23 10:30:00+01:00,,,5906.246588056283,,12914.493898579087,,,
2021-03-23 10:45:00+01:00,,,5906.246588056283,,12914.493898579087,,,
2021-03-23 11:00:00+01:00,,59.63656309723304,6026.3638697243005,,13460.822015124915,,,
2021-03-23 11:15:00+01:00,,,6026.3638697243005,,13460.822015124915,,,
2021-03-23 11:30:00+01:00,,,6026.3638697243005,,13460.822015124915,,,
2021-03-23 11:45:00+01:00,,,6026.3638697243005,,13460.822015124915,,,
2021-03-23 12:00:00+01:00,,58.264452487841496,6028.456821258465,,13414.797545347572,,,
2021-03-23 12:15:00+01:00,,,6028.456821258465,,13414.797545347572,,,
2021-03-23 12:30:00+01:00,,,6028.456821258465,,13414.797545347572,,,
2021-03-23 12:45:00+01:00,,,6028.456821258465,,13414.797545347572,,,
2021-03-23 13:00:00+01:00,,56.43259952623898,5804.240350357979,,12561.533004245668,,,
2021-03-23 13:15:00+01:00,,,5804.240350357979,,12561.533004245668,,,
2021-03-23 13:30:00+01:00,,,5804.240350357979,,12561.533004245668,,,
2021-03-23 13:45:00+01:00,,,5804.240350357979,,12561.533004245668,,,
2021-03-23 14:00:00+01:00,,55.50506779991457,5879.951356172263,,11091.199354147206,,,
2021-03-23 14:15:00+01:00,,,5879.951356172263,,11091.199354147206,,,
2021-03-23 14:30:00+01:00,,,5879.951356172263,,11091.199354147206,,,
2021-03-23 14:45:00+01:00,,,5879.951356172263,,11091.199354147206,,,
2021-03-23 15:00:00+01:00,,57.224980326133796,6006.620335651083,,8518.001423866053,,,
2021-03-23 15:15:00+01:00,,,6006.620335651083,,8518.001423866053,,,
2021-03-23 15:30:00+01:00,,,6006.620335651083,,8518.001423866053,,,
2021-03-23 15:45:00+01:00,,,6006.620335651083,,8518.001423866053,,,
2021-03-23 16:00:00+01:00,,59.38735171489109,5736.807124437811,,5845.457151777152,,,
2021-03-23 16:15:00+01:00,,,5736.807124437811,,5845.457151777152,,,
2021-03-23 16:30:00+01:00,,,5736.807124437811,,5845.457151777152,,,
2021-03-23 16:45:00+01:00,,,5736.807124437811,,5845.457151777152,,,
2021-03-23 17:00:00+01:00,,65.75085456098091,5829.821167100124,,2435.581130538646,,,
2021-03-23 17:15:00+01:00,,,5829.821167100124,,2435.581130538646,,,
2021-03-23 17:30:00+01:00,,,5829.821167100124,,2435.581130538646,,,
2021-03-23 17:45:00+01:00,,,5829.821167100124,,2435.581130538646,,,
2021-03-23 18:00:00+01:00,,70.68339880574807,7105.581967961415,,253.41917548672623,,,
2021-03-23 18:15:00+01:00,,,7105.581967961415,,253.41917548672623,,,
2021-03-23 18:30:00+01:00,,,7105.581967961415,,253.41917548672623,,,
2021-03-23 18:45:00+01:00,,,7105.581967961415,,253.41917548672623,,,
2021-03-23 19:00:00+01:00,,72.56806924455326,8353.191239927026,,0.0,,,
2021-03-23 19:15:00+01:00,,,8353.191239927026,,0.0,,,
2021-03-23 19:30:00+01:00,,,8353.191239927026,,0.0,,,
2021-03-23 19:45:00+01:00,,,8353.191239927026,,0.0,,,
2021-03-23 20:00:00+01:00,,64.4029459515485,8814.485412332779,,0.0,,,
2021-03-23 20:15:00+01:00,,,8814.485412332779,,0.0,,,
2021-03-23 20:30:00+01:00,,,8814.485412332779,,0.0,,,
2021-03-23 20:45:00+01:00,,,8814.485412332779,,0.0,,,
2021-03-23 21:00:00+01:00,,57.269589930213186,9504.593359876297,,0.0,,,
2021-03-23 21:15:00+01:00,,,9504.593359876297,,0.0,,,
2021-03-23 21:30:00+01:00,,,9504.593359876297,,0.0,,,
2021-03-23 21:45:00+01:00,,,9504.593359876297,,0.0,,,
2021-03-23 22:00:00+01:00,,54.60119717288161,10045.876429260034,,0.0,,,
2021-03-23 22:15:00+01:00,,,10045.876429260034,,0.0,,,
2021-03-23 22:30:00+01:00,,,10045.876429260034,,0.0,,,
2021-03-23 22:45:00+01:00,,,10045.876429260034,,0.0,,,
2021-03-23 23:00:00+01:00,,50.17689388741723,10509.596223140841,,0.0,,,
2021-03-23 23:15:00+01:00,,,10509.596223140841,,0.0,,,
2021-03-23 23:30:00+01:00,,,10509.596223140841,,0.0,,,
2021-03-23 23:45:00+01:00,,,10509.596223140841,,0.0,,,
2021-03-24 00:00:00+01:00,,48.217405211366085,11030.602976600718,,0.0,,,
2021-03-24 00:15:00+01:00,,,11030.602976600718,,0.0,,,
2021-03-24 00:30:00+01:00,,,11030.602976600718,,0.0,,,
2021-03-24 00:45:00+01:00,,,11030.602976600718,,0.0,,,
2021-03-24 01:00:00+01:00,,46.25468314336753,11521.530064313687,,0.0,,,
2021-03-24 01:15:00+01:00,,,11521.530064313687,,0.0,,,
2021-03-24 01:30:00+01:00,,,11521.530064313687,,0.0,,,
2021-03-24 01:45:00+01:00,,,11521.530064313687,,0.0,,,
2021-03-24 02:00:00+01:00,,44.74771910333637,12001.174080621544,,0.0,,,
2021-03-24 02:15:00+01:00,,,12001.174080621544,,0.0,,,
2021-03-24 02:30:00+01:00,,,12001.174080621544,,0.0,,,
2021-03-24 02:45:00+01:00,,,12001.174080621544,,0.0,,,
2021-03-24 03:00:00+01:00,,42.093729824878956,12564.20581754516,,0.0,,,
2021-03-24 03:15:00+01:00,,,12564.20581754516,,0.0,,,
2021-03-24 03:30:00+01:00,,,12564.20581754516,,0.0,,,
2021-03-24 03:45:00+01:00,,,12564.20581754516,,0.0,,,
2021-03-24 04:00:00+01:00,,41.15640018850169,13261.211036207198,,0.0,,,
2021-03-24 04:15:00+01:00,,,13261.211036207198,,0.0,,,
2021-03-24 04:30:00+01:00,,,13261.211036207198,,0.0,,,
2021-03-24 04:45:00+01:00,,,13261.211036207198,,0.0,,,
2021-03-24 05:00:00+01:00,,44.2922733925457,14066.292009440838,,0.0,,,
2021-03-24 05:15:00+01:00,,,14066.292009440838,,0.0,,,
2021-03-24 05:30:00+01:00,,,14066.292009440838,,0.0,,,
2021-03-24 05:45:00+01:00,,,14066.292009440838,,0.0,,,
2021-03-24 06:00:00+01:00,,53.260405734441086,15143.501414614751,,33.86599863985906,,,
2021-03-24 06:15:00+01:00,,,15143.501414614751,,33.86599863985906,,,
2021-03-24 06:30:00+01:00,,,15143.501414614751,,33.86599863985906,,,
2021-03-24 06:45:00+01:00,,,15143.501414614751,,33.86599863985906,,,
2021-03-24 07:00:00+01:00,,61.819847049812395,15471.305513909181,,3910.3349749302115,,,
2021-03-24 07:15:00+01:00,,,15471.305513909181,,3910.3349749302115,,,
2021-03-24 07:30:00+01:00,,,15471.305513909181,,3910.3349749302115,,,
2021-03-24 07:45:00+01:00,,,15471.305513909181,,3910.3349749302115,,,
2021-03-24 08:00:00+01:00,,61.10088125073486,15199.55437825789,,11865.578258424024,,,
2021-03-24 08:15:00+01:00,,,15199.55437825789,,11865.578258424024,,,
2021-03-24 08:30:00+01:00,,,15199.55437825789,,11865.578258424024,,,
2021-03-24 08:45:00+01:00,,,15199.55437825789,,11865.578258424024,,,
2021-03-24 09:00:00+01:00,,53.38367657620274,15026.646770418221,,20107.11551218922,,,
2021-03-24 09:15:00+01:00,,,15026.646770418221,,20107.11551218922,,,
2021-03-24 09:30:00+01:00,,,15026.646770418221,,20107.11551218922,,,
2021-03-24 09:45:00+01:00,,,15026.646770418221,,20107.11551218922,,,
2021-03-24 10:00:00+01:00,,48.432911117012225,15252.951065607924,,23940.478493495964,,,
2021-03-24 10:15:00+01:00,,,15252.951065607924,,23940.478493495964,,,
2021-03-24 10:30:00+01:00,,,15252.951065607924,,23940.478493495964,,,
2021-03-24 10:45:00+01:00,,,15252.951065607924,,23940.478493495964,,,
2021-03-24 11:00:00+01:00,,43.611541054354724,15996.4131857282,,26374.861855886447,,,
2021-03-24 11:15:00+01:00,,,15996.4131857282,,26374.861855886447,,,
2021-03-24 11:30:00+01:00,,,15996.4131857282,,26374.861855886447,,,
2021-03-24 11:45:00+01:00,,,15996.4131857282,,26374.861855886447,,,
2021-03-24 12:00:00+01:00,,40.72089002364516,16763.90112805956,,27423.302110291213,,,
2021-03-24 12:15:00+01:00,,,16763.90112805956,,27423.302110291213,,,
2021-03-24 12:30:00+01:00,,,16763.90112805956,,27423.302110291213,,,
2021-03-24 12:45:00+01:00,,,16763.90112805956,,27423.302110291213,,,
2021-03-24 13:00:00+01:00,,34.66103710620868,17369.34334287394,,27747.13499423754,,,
2021-03-24 13:15:00+01:00,,,17369.34334287394,,27747.13499423754,,,
2021-03-24 13:30:00+01:00,,,17369.34334287394,,27747.13499423754,,,
2021-03-24 13:45:00+01:00,,,17369.34334287394,,27747.13499423754,,,
2021-03-24 14:00:00+01:00,,35.61452862062429,17496.922974225392,,24653.61100873245,,,
2021-03-24 14:15:00+01:00,,,17496.922974225392,,24653.61100873245,,,
2021-03-24 14:30:00+01:00,,,17496.922974225392,,24653.61100873245,,,
2021-03-24 14:45:00+01:00,,,17496.922974225392,,24653.61100873245,,,
2021-03-24 15:00:00+01:00,,38.16698028432866,17585.066472897754,,19302.69574254276,,,
2021-03-24 15:15:00+01:00,,,17585.066472897754,,19302.69574254276,,,
2021-03-24 15:30:00+01:00,,,17585.066472897754,,19302.69574254276,,,
2021-03-24 15:45:00+01:00,,,17585.066472897754,,19302.69574254276,,,
2021-03-24 16:00:00+01:00,,45.901332169419256,17316.608334844288,,11595.71891380142,,,
2021-03-24 16:15:00+01:00,,,17316.608334844288,,11595.71891380142,,,
2021-03-24 16:30:00+01:00,,,17316.608334844288,,11595.71891380142,,,
2021-03-24 16:45:00+01:00,,,17316.608334844288,,11595.71891380142,,,
2021-03-24 17:00:00+01:00,,54.083350960450126,16420.058762409102,,5073.944833984365,,,
2021-03-24 17:15:00+01:00,,,16420.058762409102,,5073.944833984365,,,
2021-03-24 17:30:00+01:00,,,16420.058762409102,,5073.944833984365,,,
2021-03-24 17:45:00+01:00,,,16420.058762409102,,5073.944833984365,,,
2021-03-24 18:00:00+01:00,,62.278610723019725,15438.101361846582,,773.4322137354116,,,
2021-03-24 18:15:00+01:00,,,15438.101361846582,,773.4322137354116,,,
2021-03-24 18:30:00+01:00,,,15438.101361846582,,773.4322137354116,,,
2021-03-24 18:45:00+01:00,,,15438.101361846582,,773.4322137354116,,,
2021-03-24 19:00:00+01:00,,66.11709589874887,14692.141076719983,,0.0,,,
2021-03-24 19:15:00+01:00,,,14692.141076719983,,0.0,,,
2021-03-24 19:30:00+01:00,,,14692.141076719983,,0.0,,,
2021-03-24 19:45:00+01:00,,,14692.141076719983,,0.0,,,
2021-03-24 20:00:00+01:00,,60.129361110615946,14654.206582823746,,0.0,,,
2021-03-24 20:15:00+01:00,,,14654.206582823746,,0.0,,,
2021-03-24 20:30:00+01:00,,,14654.206582823746,,0.0,,,
2021-03-24 20:45:00+01:00,,,14654.206582823746,,0.0,,,
2021-03-24 21:00:00+01:00,,54.45917814567944,14588.823460259344,,0.0,,,
2021-03-24 21:15:00+01:00,,,14588.823460259344,,0.0,,,
2021-03-24 21:30:00+01:00,,,14588.823460259344,,0.0,,,
2021-03-24 21:45:00+01:00,,,14588.823460259344,,0.0,,,
2021-03-24 22:00:00+01:00,,52.08717626172855,14450.88295697812,,0.0,,,
2021-03-24 22:15:00+01:00,,,14450.88295697812,,0.0,,,
2021-03-24 22:30:00+01:00,,,14450.88295697812,,0.0,,,
2021-03-24 22:45:00+01:00,,,14450.88295697812,,0.0,,,
2021-03-24 23:00:00+01:00,,47.96689672892398,13711.231299093313,,0.0,,,
2021-03-24 23:15:00+01:00,,,13711.231299093313,,0.0,,,
2021-03-24 23:30:00+01:00,,,13711.231299093313,,0.0,,,
2021-03-24 23:45:00+01:00,,,13711.231299093313,,0.0,,,
2021-03-25 00:00:00+01:00,,45.7584397252172,13314.707383077734,,0.0,,,
2021-03-25 00:15:00+01:00,,,13314.707383077734,,0.0,,,
2021-03-25 00:30:00+01:00,,,13314.707383077734,,0.0,,,
2021-03-25 00:45:00+01:00,,,13314.707383077734,,0.0,,,
2021-03-25 01:00:00+01:00,,44.82287087330881,12730.498271601982,,0.0,,,
2021-03-25 01:15:00+01:00,,,12730.498271601982,,0.0,,,
2021-03-25 01:30:00+01:00,,,12730.498271601982,,0.0,,,
2021-03-25 01:45:00+01:00,,,12730.498271601982,,0.0,,,
2021-03-25 02:00:00+01:00,,44.7278098295598,12045.902361007222,,0.0,,,
2021-03-25 02:15:00+01:00,,,12045.902361007222,,0.0,,,
2021-03-25 02:30:00+01:00,,,12045.902361007222,,0.0,,,
2021-03-25 02:45:00+01:00,,,12045.902361007222,,0.0,,,
2021-03-25 03:00:00+01:00,,42.3552930359678,11655.075818078083,,0.0,,,
2021-03-25 03:15:00+01:00,,,11655.075818078083,,0.0,,,
2021-03-25 03:30:00+01:00,,,11655.075818078083,,0.0,,,
2021-03-25 03:45:00+01:00,,,11655.075818078083,,0.0,,,
2021-03-25 04:00:00+01:00,,41.82120685718539,11419.5894365101,,0.0,,,
2021-03-25 04:15:00+01:00,,,11419.5894365101,,0.0,,,
2021-03-25 04:30:00+01:00,,,11419.5894365101,,0.0,,,
2021-03-25 04:45:00+01:00,,,11419.5894365101,,0.0,,,
2021-03-25 05:00:00+01:00,,45.4680111989212,11194.031200124718,,0.0,,,
2021-03-25 05:15:00+01:00,,,11194.031200124718,,0.0,,,
2021-03-25 05:30:00+01:00,,,11194.031200124718,,0.0,,,
2021-03-25 05:45:00+01:00,,,11194.031200124718,,0.0,,,
2021-03-25 06:00:00+01:00,,55.123930190102996,11021.308264016876,,73.48103758540398,,,
2021-03-25 06:15:00+01:00,,,11021.308264016876,,73.48103758540398,,,
2021-03-25 06:30:00+01:00,,,11021.308264016876,,73.48103758540398,,,
2021-03-25 06:45:00+01:00,,,11021.308264016876,,73.48103758540398,,,
2021-03-25 07:00:00+01:00,,64.99378996474763,10261.154454759999,,2544.294334762368,,,
2021-03-25 07:15:00+01:00,,,10261.154454759999,,2544.294334762368,,,
2021-03-25 07:30:00+01:00,,,10261.154454759999,,2544.294334762368,,,
2021-03-25 07:45:00+01:00,,,10261.154454759999,,2544.294334762368,,,
2021-03-25 08:00:00+01:00,,65.97323434294465,9232.882210288788,,7402.879824305934,,,
2021-03-25 08:15:00+01:00,,,9232.882210288788,,7402.879824305934,,,
2021-03-25 08:30:00+01:00,,,9232.882210288788,,7402.879824305934,,,
2021-03-25 08:45:00+01:00,,,9232.882210288788,,7402.879824305934,,,
2021-03-25 09:00:00+01:00,,60.160680376033085,8328.65733502711,,16035.112855727177,,,
2021-03-25 09:15:00+01:00,,,8328.65733502711,,16035.112855727177,,,
2021-03-25 09:30:00+01:00,,,8328.65733502711,,16035.112855727177,,,
2021-03-25 09:45:00+01:00,,,8328.65733502711,,16035.112855727177,,,
2021-03-25 10:00:00+01:00,,54.59419587298549,8565.613597683827,,19092.42553668396,,,
2021-03-25 10:15:00+01:00,,,8565.613597683827,,19092.42553668396,,,
2021-03-25 10:30:00+01:00,,,8565.613597683827,,19092.42553668396,,,
2021-03-25 10:45:00+01:00,,,8565.613597683827,,19092.42553668396,,,
2021-03-25 11:00:00+01:00,,51.731841052021025,10231.238918265306,,20712.676819224376,,,
2021-03-25 11:15:00+01:00,,,10231.238918265306,,20712.676819224376,,,
2021-03-25 11:30:00+01:00,,,10231.238918265306,,20712.676819224376,,,
2021-03-25 11:45:00+01:00,,,10231.238918265306,,20712.676819224376,,,
2021-03-25 12:00:00+01:00,,49.48230337897978,12383.228651152527,,19759.590701787118,,,
2021-03-25 12:15:00+01:00,,,12383.228651152527,,19759.590701787118,,,
2021-03-25 12:30:00+01:00,,,12383.228651152527,,19759.590701787118,,,
2021-03-25 12:45:00+01:00,,,12383.228651152527,,19759.590701787118,,,
2021-03-25 13:00:00+01:00,,47.87568131010213,13121.269584698668,,17762.783018901602,,,
2021-03-25 13:15:00+01:00,,,13121.269584698668,,17762.783018901602,,,
2021-03-25 13:30:00+01:00,,,13121.269584698668,,17762.783018901602,,,
2021-03-25 13:45:00+01:00,,,13121.269584698668,,17762.783018901602,,,
2021-03-25 14:00:00+01:00,,47.95449592283722,12656.662258309367,,15096.020901634081,,,
2021-03-25 14:15:00+01:00,,,12656.662258309367,,15096.020901634081,,,
2021-03-25 14:30:00+01:00,,,12656.662258309367,,15096.020901634081,,,
2021-03-25 14:45:00+01:00,,,12656.662258309367,,15096.020901634081,,,
2021-03-25 15:00:00+01:00,,50.1102837230831,12311.171564960678,,11230.642660686419,,,
2021-03-25 15:15:00+01:00,,,12311.171564960678,,11230.642660686419,,,
2021-03-25 15:30:00+01:00,,,12311.171564960678,,11230.642660686419,,,
2021-03-25 15:45:00+01:00,,,12311.171564960678,,11230.642660686419,,,
2021-03-25 16:00:00+01:00,,50.834425238008684,11470.201969233902,,7163.165143351263,,,
2021-03-25 16:15:00+01:00,,,11470.201969233902,,7163.165143351263,,,
2021-03-25 16:30:00+01:00,,,11470.201969233902,,7163.165143351263,,,
2021-03-25 16:45:00+01:00,,,11470.201969233902,,7163.165143351263,,,
2021-03-25 17:00:00+01:00,,57.729655945334436,10729.968716447074,,3146.359588645092,,,
2021-03-25 17:15:00+01:00,,,10729.968716447074,,3146.359588645092,,,
2021-03-25 17:30:00+01:00,,,10729.968716447074,,3146.359588645092,,,
2021-03-25 17:45:00+01:00,,,10729.968716447074,,3146.359588645092,,,
2021-03-25 18:00:00+01:00,,65.51617983247672,10119.404734667307,,546.3640847685489,,,
2021-03-25 18:15:00+01:00,,,10119.404734667307,,546.3640847685489,,,
2021-03-25 18:30:00+01:00,,,10119.404734667307,,546.3640847685489,,,
2021-03-25 18:45:00+01:00,,,10119.404734667307,,546.3640847685489,,,
2021-03-25 19:00:00+01:00,,67.57111190643379,10111.611918079781,,0.0,,,
2021-03-25 19:15:00+01:00,,,10111.611918079781,,0.0,,,
2021-03-25 19:30:00+01:00,,,10111.611918079781,,0.0,,,
2021-03-25 19:45:00+01:00,,,10111.611918079781,,0.0,,,
2021-03-25 20:00:00+01:00,,61.60061889211188,10499.059987133709,,0.0,,,
2021-03-25 20:15:00+01:00,,,10499.059987133709,,0.0,,,
2021-03-25 20:30:00+01:00,,,10499.059987133709,,0.0,,,
2021-03-25 20:45:00+01:00,,,10499.059987133709,,0.0,,,
2021-03-25 21:00:00+01:00,,55.2984641987889,11426.6585095905,,0.0,,,
2021-03-25 21:15:00+01:00,,,11426.6585095905,,0.0,,,
2021-03-25 21:30:00+01:00,,,11426.6585095905,,0.0,,,
2021-03-25 21:45:00+01:00,,,11426.6585095905,,0.0,,,
2021-03-25 22:00:00+01:00,,53.56435980185104,11806.184682548019,,0.0,,,
2021-03-25 22:15:00+01:00,,,11806.184682548019,,0.0,,,
2021-03-25 22:30:00+01:00,,,11806.184682548019,,0.0,,,
2021-03-25 22:45:00+01:00,,,11806.184682548019,,0.0,,,
2021-03-25 23:00:00+01:00,,48.94325613578319,11833.697908337524,,0.0,,,
2021-03-25 23:15:00+01:00,,,11833.697908337524,,0.0,,,
2021-03-25 23:30:00+01:00,,,11833.697908337524,,0.0,,,
2021-03-25 23:45:00+01:00,,,11833.697908337524,,0.0,,,
2021-03-26 00:00:00+01:00,,44.443279008532585,11740.37112290115,,0.0,,,
2021-03-26 00:15:00+01:00,,,11740.37112290115,,0.0,,,
2021-03-26 00:30:00+01:00,,,11740.37112290115,,0.0,,,
2021-03-26 00:45:00+01:00,,,11740.37112290115,,0.0,,,
2021-03-26 01:00:00+01:00,,43.30664827149757,12079.678114709928,,0.0,,,
2021-03-26 01:15:00+01:00,,,12079.678114709928,,0.0,,,
2021-03-26 01:30:00+01:00,,,12079.678114709928,,0.0,,,
2021-03-26 01:45:00+01:00,,,12079.678114709928,,0.0,,,
2021-03-26 02:00:00+01:00,,42.518437069224376,12766.861999730332,,0.0,,,
2021-03-26 02:15:00+01:00,,,12766.861999730332,,0.0,,,
2021-03-26 02:30:00+01:00,,,12766.861999730332,,0.0,,,
2021-03-26 02:45:00+01:00,,,12766.861999730332,,0.0,,,
2021-03-26 03:00:00+01:00,,38.42825238086848,13389.03567959168,,0.0,,,
2021-03-26 03:15:00+01:00,,,13389.03567959168,,0.0,,,
2021-03-26 03:30:00+01:00,,,13389.03567959168,,0.0,,,
2021-03-26 03:45:00+01:00,,,13389.03567959168,,0.0,,,
2021-03-26 04:00:00+01:00,,37.45874120391247,13990.452510200095,,0.0,,,
2021-03-26 04:15:00+01:00,,,13990.452510200095,,0.0,,,
2021-03-26 04:30:00+01:00,,,13990.452510200095,,0.0,,,
2021-03-26 04:45:00+01:00,,,13990.452510200095,,0.0,,,
2021-03-26 05:00:00+01:00,,41.03508304339277,14674.44445848108,,4.421930547182462,,,
2021-03-26 05:15:00+01:00,,,14674.44445848108,,4.421930547182462,,,
2021-03-26 05:30:00+01:00,,,14674.44445848108,,4.421930547182462,,,
2021-03-26 05:45:00+01:00,,,14674.44445848108,,4.421930547182462,,,
2021-03-26 06:00:00+01:00,,49.03387480950252,15588.202022099409,,632.1047540961453,,,
2021-03-26 06:15:00+01:00,,,15588.202022099409,,632.1047540961453,,,
2021-03-26 06:30:00+01:00,,,15588.202022099409,,632.1047540961453,,,
2021-03-26 06:45:00+01:00,,,15588.202022099409,,632.1047540961453,,,
2021-03-26 07:00:00+01:00,,58.33338764255409,16407.417194421487,,4187.796030075913,,,
2021-03-26 07:15:00+01:00,,,16407.417194421487,,4187.796030075913,,,
2021-03-26 07:30:00+01:00,,,16407.417194421487,,4187.796030075913,,,
2021-03-26 07:45:00+01:00,,,16407.417194421487,,4187.796030075913,,,
2021-03-26 08:00:00+01:00,,58.69800934198848,17488.862957670415,,8558.971234640761,,,
2021-03-26 08:15:00+01:00,,,17488.862957670415,,8558.971234640761,,,
2021-03-26 08:30:00+01:00,,,17488.862957670415,,8558.971234640761,,,
2021-03-26 08:45:00+01:00,,,17488.862957670415,,8558.971234640761,,,
2021-03-26 09:00:00+01:00,,54.06475932953356,18487.00109985198,,12773.344181224893,,,
2021-03-26 09:15:00+01:00,,,18487.00109985198,,12773.344181224893,,,
2021-03-26 09:30:00+01:00,,,18487.00109985198,,12773.344181224893,,,
2021-03-26 09:45:00+01:00,,,18487.00109985198,,12773.344181224893,,,
2021-03-26 10:00:00+01:00,,48.738166478603596,19565.11615360617,,16014.155125535224,,,
2021-03-26 10:15:00+01:00,,,19565.11615360617,,16014.155125535224,,,
2021-03-26 10:30:00+01:00,,,19565.11615360617,,16014.155125535224,,,
2021-03-26 10:45:00+01:00,,,19565.11615360617,,16014.155125535224,,,
2021-03-26 11:00:00+01:00,,46.01411745755964,20843.059383654883,,17924.95593063163,,,
2021-03-26 11:15:00+01:00,,,20843.059383654883,,17924.95593063163,,,
2021-03-26 11:30:00+01:00,,,20843.059383654883,,17924.95593063163,,,
2021-03-26 11:45:00+01:00,,,20843.059383654883,,17924.95593063163,,,
2021-03-26 12:00:00+01:00,,43.47331133304594,21976.441571099018,,18494.850609325982,,,
2021-03-26 12:15:00+01:00,,,21976.441571099018,,18494.850609325982,,,
2021-03-26 12:30:00+01:00,,,21976.441571099018,,18494.850609325982,,,
2021-03-26 12:45:00+01:00,,,21976.441571099018,,18494.850609325982,,,
2021-03-26 13:00:00+01:00,,40.80981158791496,22153.786930573755,,15643.250828462044,,,
2021-03-26 13:15:00+01:00,,,22153.786930573755,,15643.250828462044,,,
2021-03-26 13:30:00+01:00,,,22153.786930573755,,15643.250828462044,,,
2021-03-26 13:45:00+01:00,,,22153.786930573755,,15643.250828462044,,,
2021-03-26 14:00:00+01:00,,40.11394550023359,21295.71736035608,,12369.350846824394,,,
2021-03-26 14:15:00+01:00,,,21295.71736035608,,12369.350846824394,,,
2021-03-26 14:30:00+01:00,,,21295.71736035608,,12369.350846824394,,,
2021-03-26 14:45:00+01:00,,,21295.71736035608,,12369.350846824394,,,
2021-03-26 15:00:00+01:00,,43.57543432078315,20619.048569853265,,8698.770100861484,,,
2021-03-26 15:15:00+01:00,,,20619.048569853265,,8698.770100861484,,,
2021-03-26 15:30:00+01:00,,,20619.048569853265,,8698.770100861484,,,
2021-03-26 15:45:00+01:00,,,20619.048569853265,,8698.770100861484,,,
2021-03-26 16:00:00+01:00,,46.212990809396416,19553.18659326133,,5037.696990230987,,,
2021-03-26 16:15:00+01:00,,,19553.18659326133,,5037.696990230987,,,
2021-03-26 16:30:00+01:00,,,19553.18659326133,,5037.696990230987,,,
2021-03-26 16:45:00+01:00,,,19553.18659326133,,5037.696990230987,,,
2021-03-26 17:00:00+01:00,,51.1650063991924,18526.917889035594,,2065.3453172291556,,,
2021-03-26 17:15:00+01:00,,,18526.917889035594,,2065.3453172291556,,,
2021-03-26 17:30:00+01:00,,,18526.917889035594,,2065.3453172291556,,,
2021-03-26 17:45:00+01:00,,,18526.917889035594,,2065.3453172291556,,,
2021-03-26 18:00:00+01:00,,56.8441071678567,17661.949539445533,,350.47475784826344,,,
2021-03-26 18:15:00+01:00,,,17661.949539445533,,350.47475784826344,,,
2021-03-26 18:30:00+01:00,,,17661.949539445533,,350.47475784826344,,,
2021-03-26 18:45:00+01:00,,,17661.949539445533,,350.47475784826344,,,
2021-03-26 19:00:00+01:00,,58.9499147001767,17568.89580873546,,0.0,,,
2021-03-26 19:15:00+01:00,,,17568.89580873546,,0.0,,,
2021-03-26 19:30:00+01:00,,,17568.89580873546,,0.0,,,
2021-03-26 19:45:00+01:00,,,17568.89580873546,,0.0,,,
2021-03-26 20:00:00+01:00,,51.73540967289159,18439.82071254452,,0.0,,,
2021-03-26 20:15:00+01:00,,,18439.82071254452,,0.0,,,
2021-03-26 20:30:00+01:00,,,18439.82071254452,,0.0,,,
2021-03-26 20:45:00+01:00,,,18439.82071254452,,0.0,,,
2021-03-26 21:00:00+01:00,,45.19023685825069,19465.44734658326,,0.0,,,
2021-03-26 21:15:00+01:00,,,19465.44734658326,,0.0,,,
2021-03-26 21:30:00+01:00,,,19465.44734658326,,0.0,,,
2021-03-26 21:45:00+01:00,,,19465.44734658326,,0.0,,,
2021-03-26 22:00:00+01:00,,42.279664266942895,20536.66593401586,,0.0,,,
2021-03-26 22:15:00+01:00,,,20536.66593401586,,0.0,,,
2021-03-26 22:30:00+01:00,,,20536.66593401586,,0.0,,,
2021-03-26 22:45:00+01:00,,,20536.66593401586,,0.0,,,
2021-03-26 23:00:00+01:00,,36.55043351559911,21350.934508065322,,0.0,,,
2021-03-26 23:15:00+01:00,,,21350.934508065322,,0.0,,,
2021-03-26 23:30:00+01:00,,,21350.934508065322,,0.0,,,
2021-03-26 23:45:00+01:00,,,21350.934508065322,,0.0,,,
2021-03-27 00:00:00+01:00,,35.38590994595093,22248.792035439175,,0.0,,,
2021-03-27 00:15:00+01:00,,,22248.792035439175,,0.0,,,
2021-03-27 00:30:00+01:00,,,22248.792035439175,,0.0,,,
2021-03-27 00:45:00+01:00,,,22248.792035439175,,0.0,,,
2021-03-27 01:00:00+01:00,,33.63827015761403,21997.2255204004,,0.0,,,
2021-03-27 01:15:00+01:00,,,21997.2255204004,,0.0,,,
2021-03-27 01:30:00+01:00,,,21997.2255204004,,0.0,,,
2021-03-27 01:45:00+01:00,,,21997.2255204004,,0.0,,,
2021-03-27 02:00:00+01:00,,32.13646313966709,20806.288299667867,,0.0,,,
2021-03-27 02:15:00+01:00,,,20806.288299667867,,0.0,,,
2021-03-27 02:30:00+01:00,,,20806.288299667867,,0.0,,,
2021-03-27 02:45:00+01:00,,,20806.288299667867,,0.0,,,
2021-03-27 03:00:00+01:00,,31.779656889996268,19327.709861220937,,0.0,,,
2021-03-27 03:15:00+01:00,,,19327.709861220937,,0.0,,,
2021-03-27 03:30:00+01:00,,,19327.709861220937,,0.0,,,
2021-03-27 03:45:00+01:00,,,19327.709861220937,,0.0,,,
2021-03-27 04:00:00+01:00,,32.294871688952156,18184.138155772573,,0.0,,,
2021-03-27 04:15:00+01:00,,,18184.138155772573,,0.0,,,
2021-03-27 04:30:00+01:00,,,18184.138155772573,,0.0,,,
2021-03-27 04:45:00+01:00,,,18184.138155772573,,0.0,,,
2021-03-27 05:00:00+01:00,,33.62685753655171,17121.390720443655,,5.5005523270119765,,,
2021-03-27 05:15:00+01:00,,,17121.390720443655,,5.5005523270119765,,,
2021-03-27 05:30:00+01:00,,,17121.390720443655,,5.5005523270119765,,,
2021-03-27 05:45:00+01:00,,,17121.390720443655,,5.5005523270119765,,,
2021-03-27 06:00:00+01:00,,33.3098865514094,16029.17549673803,,737.9873007535039,,,
2021-03-27 06:15:00+01:00,,,16029.17549673803,,737.9873007535039,,,
2021-03-27 06:30:00+01:00,,,16029.17549673803,,737.9873007535039,,,
2021-03-27 06:45:00+01:00,,,16029.17549673803,,737.9873007535039,,,
2021-03-27 07:00:00+01:00,,40.65526614749001,15178.304790752922,,4573.50516618938,,,
2021-03-27 07:15:00+01:00,,,15178.304790752922,,4573.50516618938,,,
2021-03-27 07:30:00+01:00,,,15178.304790752922,,4573.50516618938,,,
2021-03-27 07:45:00+01:00,,,15178.304790752922,,4573.50516618938,,,
2021-03-27 08:00:00+01:00,,42.12351487104617,14568.695926955757,,9483.363991362134,,,
2021-03-27 08:15:00+01:00,,,14568.695926955757,,9483.363991362134,,,
2021-03-27 08:30:00+01:00,,,14568.695926955757,,9483.363991362134,,,
2021-03-27 08:45:00+01:00,,,14568.695926955757,,9483.363991362134,,,
2021-03-27 09:00:00+01:00,,39.29534192166242,13747.781077008432,,14268.05357702832,,,
2021-03-27 09:15:00+01:00,,,13747.781077008432,,14268.05357702832,,,
2021-03-27 09:30:00+01:00,,,13747.781077008432,,14268.05357702832,,,
2021-03-27 09:45:00+01:00,,,13747.781077008432,,14268.05357702832,,,
2021-03-27 10:00:00+01:00,,36.46026010020242,13210.957364262453,,18044.73563484588,,,
2021-03-27 10:15:00+01:00,,,13210.957364262453,,18044.73563484588,,,
2021-03-27 10:30:00+01:00,,,13210.957364262453,,18044.73563484588,,,
2021-03-27 10:45:00+01:00,,,13210.957364262453,,18044.73563484588,,,
2021-03-27 11:00:00+01:00,,35.0150671420185,12721.673808935555,,20386.164673337546,,,
2021-03-27 11:15:00+01:00,,,12721.673808935555,,20386.164673337546,,,
2021-03-27 11:30:00+01:00,,,12721.673808935555,,20386.164673337546,,,
2021-03-27 11:45:00+01:00,,,12721.673808935555,,20386.164673337546,,,
2021-03-27 12:00:00+01:00,,31.20561683909353,12334.521177917415,,21287.79506227874,,,
2021-03-27 12:15:00+01:00,,,12334.521177917415,,21287.79506227874,,,
2021-03-27 12:30:00+01:00,,,12334.521177917415,,21287.79506227874,,,
2021-03-27 12:45:00+01:00,,,12334.521177917415,,21287.79506227874,,,
2021-03-27 13:00:00+01:00,,29.417904349636352,11355.976580339327,,19581.482883270055,,,
2021-03-27 13:15:00+01:00,,,11355.976580339327,,19581.482883270055,,,
2021-03-27 13:30:00+01:00,,,11355.976580339327,,19581.482883270055,,,
2021-03-27 13:45:00+01:00,,,11355.976580339327,,19581.482883270055,,,
2021-03-27 14:00:00+01:00,,34.514582940729355,10068.906580895122,,16111.251056236706,,,
2021-03-27 14:15:00+01:00,,,10068.906580895122,,16111.251056236706,,,
2021-03-27 14:30:00+01:00,,,10068.906580895122,,16111.251056236706,,,
2021-03-27 14:45:00+01:00,,,10068.906580895122,,16111.251056236706,,,
2021-03-27 15:00:00+01:00,,35.89936470557739,9080.381419333418,,11759.863037354775,,,
2021-03-27 15:15:00+01:00,,,9080.381419333418,,11759.863037354775,,,
2021-03-27 15:30:00+01:00,,,9080.381419333418,,11759.863037354775,,,
2021-03-27 15:45:00+01:00,,,9080.381419333418,,11759.863037354775,,,
2021-03-27 16:00:00+01:00,,44.45357462079923,8291.482450808364,,7084.726233164806,,,
2021-03-27 16:15:00+01:00,,,8291.482450808364,,7084.726233164806,,,
2021-03-27 16:30:00+01:00,,,8291.482450808364,,7084.726233164806,,,
2021-03-27 16:45:00+01:00,,,8291.482450808364,,7084.726233164806,,,
2021-03-27 17:00:00+01:00,,50.981015870866784,7657.451091850124,,2965.137631101832,,,
2021-03-27 17:15:00+01:00,,,7657.451091850124,,2965.137631101832,,,
2021-03-27 17:30:00+01:00,,,7657.451091850124,,2965.137631101832,,,
2021-03-27 17:45:00+01:00,,,7657.451091850124,,2965.137631101832,,,
2021-03-27 18:00:00+01:00,,57.64023642659593,7176.3803791108485,,501.6138961102599,,,
2021-03-27 18:15:00+01:00,,,7176.3803791108485,,501.6138961102599,,,
2021-03-27 18:30:00+01:00,,,7176.3803791108485,,501.6138961102599,,,
2021-03-27 18:45:00+01:00,,,7176.3803791108485,,501.6138961102599,,,
2021-03-27 19:00:00+01:00,,60.681771737268264,7494.4759709286,,0.0,,,
2021-03-27 19:15:00+01:00,,,7494.4759709286,,0.0,,,
2021-03-27 19:30:00+01:00,,,7494.4759709286,,0.0,,,
2021-03-27 19:45:00+01:00,,,7494.4759709286,,0.0,,,
2021-03-27 20:00:00+01:00,,57.18051609161871,8602.01214787105,,0.0,,,
2021-03-27 20:15:00+01:00,,,8602.01214787105,,0.0,,,
2021-03-27 20:30:00+01:00,,,8602.01214787105,,0.0,,,
2021-03-27 20:45:00+01:00,,,8602.01214787105,,0.0,,,
2021-03-27 21:00:00+01:00,,52.02493640562743,10247.926364942034,,0.0,,,
2021-03-27 21:15:00+01:00,,,10247.926364942034,,0.0,,,
2021-03-27 21:30:00+01:00,,,10247.926364942034,,0.0,,,
2021-03-27 21:45:00+01:00,,,10247.926364942034,,0.0,,,
2021-03-27 22:00:00+01:00,,46.155563646502564,11998.774042457862,,0.0,,,
2021-03-27 22:15:00+01:00,,,11998.774042457862,,0.0,,,
2021-03-27 22:30:00+01:00,,,11998.774042457862,,0.0,,,
2021-03-27 22:45:00+01:00,,,11998.774042457862,,0.0,,,
2021-03-27 23:00:00+01:00,,40.07837831254748,14361.803230546802,,0.0,,,
2021-03-27 23:15:00+01:00,,,14361.803230546802,,0.0,,,
2021-03-27 23:30:00+01:00,,,14361.803230546802,,0.0,,,
2021-03-27 23:45:00+01:00,,,14361.803230546802,,0.0,,,
2021-03-28 00:00:00+01:00,,34.209289295156616,16925.822142938574,,0.0,,,
2021-03-28 00:15:00+01:00,,,16925.822142938574,,0.0,,,
2021-03-28 00:30:00+01:00,,,16925.822142938574,,0.0,,,
2021-03-28 00:45:00+01:00,,,16925.822142938574,,0.0,,,
2021-03-28 01:00:00+01:00,,29.986225228198606,18794.356173387077,,0.0,,,
2021-03-28 01:15:00+01:00,,,18794.356173387077,,0.0,,,
2021-03-28 01:30:00+01:00,,,18794.356173387077,,0.0,,,
2021-03-28 01:45:00+01:00,,,18794.356173387077,,0.0,,,
2021-03-28 03:00:00+02:00,,24.00370445800655,19795.42963115171,,0.0,,,
2021-03-28 03:15:00+02:00,,,19795.42963115171,,0.0,,,
2021-03-28 03:30:00+02:00,,,19795.42963115171,,0.0,,,
2021-03-28 03:45:00+02:00,,,19795.42963115171,,0.0,,,
2021-03-28 04:00:00+02:00,,25.118671276024912,20623.23537061343,,0.0,,,
2021-03-28 04:15:00+02:00,,,20623.23537061343,,0.0,,,
2021-03-28 04:30:00+02:00,,,20623.23537061343,,0.0,,,
2021-03-28 04:45:00+02:00,,,20623.23537061343,,0.0,,,
2021-03-28 05:00:00+02:00,,25.826027489508363,21751.574453691992,,0.0,,,
2021-03-28 05:15:00+02:00,,,21751.574453691992,,0.0,,,
2021-03-28 05:30:00+02:00,,,21751.574453691992,,0.0,,,
2021-03-28 05:45:00+02:00,,,21751.574453691992,,0.0,,,
2021-03-28 06:00:00+02:00,,27.201955064921492,22755.204849589114,,6.737934019054484,,,
2021-03-28 06:15:00+02:00,,,22755.204849589114,,6.737934019054484,,,
2021-03-28 06:30:00+02:00,,,22755.204849589114,,6.737934019054484,,,
2021-03-28 06:45:00+02:00,,,22755.204849589114,,6.737934019054484,,,
2021-03-28 07:00:00+02:00,,26.79421699538217,23724.962867345515,,868.0441748705882,,,
2021-03-28 07:15:00+02:00,,,23724.962867345515,,868.0441748705882,,,
2021-03-28 07:30:00+02:00,,,23724.962867345515,,868.0441748705882,,,
2021-03-28 07:45:00+02:00,,,23724.962867345515,,868.0441748705882,,,
2021-03-28 08:00:00+02:00,,21.240220508158508,26029.954325998457,,6423.456248652619,,,
2021-03-28 08:15:00+02:00,,,26029.954325998457,,6423.456248652619,,,
2021-03-28 08:30:00+02:00,,,26029.954325998457,,6423.456248652619,,,
2021-03-28 08:45:00+02:00,,,26029.954325998457,,6423.456248652619,,,
2021-03-28 09:00:00+02:00,,11.043837694232511,29602.3004121978,,12760.432943364804,,,
2021-03-28 09:15:00+02:00,,,29602.3004121978,,12760.432943364804,,,
2021-03-28 09:30:00+02:00,,,29602.3004121978,,12760.432943364804,,,
2021-03-28 09:45:00+02:00,,,29602.3004121978,,12760.432943364804,,,
2021-03-28 10:00:00+02:00,,4.667994532236815,32015.247525489394,,18609.248460762545,,,
2021-03-28 10:15:00+02:00,,,32015.247525489394,,18609.248460762545,,,
2021-03-28 10:30:00+02:00,,,32015.247525489394,,18609.248460762545,,,
2021-03-28 10:45:00+02:00,,,32015.247525489394,,18609.248460762545,,,
2021-03-28 11:00:00+02:00,,1.2016313531039309,34833.48812678792,,22962.005424661154,,,
2021-03-28 11:15:00+02:00,,,34833.48812678792,,22962.005424661154,,,
2021-03-28 11:30:00+02:00,,,34833.48812678792,,22962.005424661154,,,
2021-03-28 11:45:00+02:00,,,34833.48812678792,,22962.005424661154,,,
2021-03-28 12:00:00+02:00,,-2.37435420142862,37347.12903925622,,25479.21914798795,,,
2021-03-28 12:15:00+02:00,,,37347.12903925622,,25479.21914798795,,,
2021-03-28 12:30:00+02:00,,,37347.12903925622,,25479.21914798795,,,
2021-03-28 12:45:00+02:00,,,37347.12903925622,,25479.21914798795,,,
2021-03-28 13:00:00+02:00,,-13.856035706665782,39484.184918970364,,26176.930872607743,,,
2021-03-28 13:15:00+02:00,,,39484.184918970364,,26176.930872607743,,,
2021-03-28 13:30:00+02:00,,,39484.184918970364,,26176.930872607743,,,
2021-03-28 13:45:00+02:00,,,39484.184918970364,,26176.930872607743,,,
2021-03-28 14:00:00+02:00,,-14.199874129506838,40241.21502090214,,21771.96358734773,,,
2021-03-28 14:15:00+02:00,,,40241.21502090214,,21771.96358734773,,,
2021-03-28 14:30:00+02:00,,,40241.21502090214,,21771.96358734773,,,
2021-03-28 14:45:00+02:00,,,40241.21502090214,,21771.96358734773,,,
2021-03-28 15:00:00+02:00,,-9.56933271943489,40060.84244210259,,17773.628284724815,,,
2021-03-28 15:15:00+02:00,,,40060.84244210259,,17773.628284724815,,,
2021-03-28 15:30:00+02:00,,,40060.84244210259,,17773.628284724815,,,
2021-03-28 15:45:00+02:00,,,40060.84244210259,,17773.628284724815,,,
2021-03-28 16:00:00+02:00,,-0.5633348233944382,39571.33085520858,,12916.575066020647,,,
2021-03-28 16:15:00+02:00,,,39571.33085520858,,12916.575066020647,,,
2021-03-28 16:30:00+02:00,,,39571.33085520858,,12916.575066020647,,,
2021-03-28 16:45:00+02:00,,,39571.33085520858,,12916.575066020647,,,
2021-03-28 17:00:00+02:00,,18.176019384667505,39168.7262362229,,7754.620949455805,,,
2021-03-28 17:15:00+02:00,,,39168.7262362229,,7754.620949455805,,,
2021-03-28 17:30:00+02:00,,,39168.7262362229,,7754.620949455805,,,
2021-03-28 17:45:00+02:00,,,39168.7262362229,,7754.620949455805,,,
2021-03-28 18:00:00+02:00,,29.062770509154376,38495.74393037377,,3250.116829099371,,,
2021-03-28 18:15:00+02:00,,,38495.74393037377,,3250.116829099371,,,
2021-03-28 18:30:00+02:00,,,38495.74393037377,,3250.116829099371,,,
2021-03-28 18:45:00+02:00,,,38495.74393037377,,3250.116829099371,,,
2021-03-28 19:00:00+02:00,,40.80356493667355,37964.55818264868,,535.8554317135363,,,
2021-03-28 19:15:00+02:00,,,37964.55818264868,,535.8554317135363,,,
2021-03-28 19:30:00+02:00,,,37964.55818264868,,535.8554317135363,,,
2021-03-28 19:45:00+02:00,,,37964.55818264868,,535.8554317135363,,,
2021-03-28 20:00:00+02:00,,41.51454501119858,36767.34295923795,,0.0,,,
2021-03-28 20:15:00+02:00,,,36767.34295923795,,0.0,,,
2021-03-28 20:30:00+02:00,,,36767.34295923795,,0.0,,,
2021-03-28 20:45:00+02:00,,,36767.34295923795,,0.0,,,
2021-03-28 21:00:00+02:00,,38.6833553432299,35275.17988032829,,0.0,,,
2021-03-28 21:15:00+02:00,,,35275.17988032829,,0.0,,,
2021-03-28 21:30:00+02:00,,,35275.17988032829,,0.0,,,
2021-03-28 21:45:00+02:00,,,35275.17988032829,,0.0,,,
2021-03-28 22:00:00+02:00,,37.43983837107303,33075.862485907746,,0.0,,,
2021-03-28 22:15:00+02:00,,,33075.862485907746,,0.0,,,
2021-03-28 22:30:00+02:00,,,33075.862485907746,,0.0,,,
2021-03-28 22:45:00+02:00,,,33075.862485907746,,0.0,,,
2021-03-28 23:00:00+02:00,,31.689695993357034,30555.58190199807,,0.0,,,
2021-03-28 23:15:00+02:00,,,30555.58190199807,,0.0,,,
2021-03-28 23:30:00+02:00,,,30555.58190199807,,0.0,,,
2021-03-28 23:45:00+02:00,,,30555.58190199807,,0.0,,,
2021-03-29 00:00:00+02:00,,31.306215657956393,27961.53739451353,,0.0,,,
2021-03-29 00:15:00+02:00,,,27961.53739451353,,0.0,,,
2021-03-29 00:30:00+02:00,,,27961.53739451353,,0.0,,,
2021-03-29 00:45:00+02:00,,,27961.53739451353,,0.0,,,
2021-03-29 01:00:00+02:00,,29.047479129766607,25247.570180792896,,0.0,,,
2021-03-29 01:15:00+02:00,,,25247.570180792896,,0.0,,,
2021-03-29 01:30:00+02:00,,,25247.570180792896,,0.0,,,
2021-03-29 01:45:00+02:00,,,25247.570180792896,,0.0,,,
2021-03-29 02:00:00+02:00,,27.218671125889273,24355.61032982249,,0.0,,,
2021-03-29 02:15:00+02:00,,,24355.61032982249,,0.0,,,
2021-03-29 02:30:00+02:00,,,24355.61032982249,,0.0,,,
2021-03-29 02:45:00+02:00,,,24355.61032982249,,0.0,,,
2021-03-29 03:00:00+02:00,,27.88342317776089,24763.048071981928,,0.0,,,
2021-03-29 03:15:00+02:00,,,24763.048071981928,,0.0,,,
2021-03-29 03:30:00+02:00,,,24763.048071981928,,0.0,,,
2021-03-29 03:45:00+02:00,,,24763.048071981928,,0.0,,,
2021-03-29 04:00:00+02:00,,28.18125730146867,24480.31632848242,,0.0,,,
2021-03-29 04:15:00+02:00,,,24480.31632848242,,0.0,,,
2021-03-29 04:30:00+02:00,,,24480.31632848242,,0.0,,,
2021-03-29 04:45:00+02:00,,,24480.31632848242,,0.0,,,
2021-03-29 05:00:00+02:00,,33.372599966611716,24037.110160986642,,0.0,,,
2021-03-29 05:15:00+02:00,,,24037.110160986642,,0.0,,,
2021-03-29 05:30:00+02:00,,,24037.110160986642,,0.0,,,
2021-03-29 05:45:00+02:00,,,24037.110160986642,,0.0,,,
2021-03-29 06:00:00+02:00,,44.03389085122283,23617.83648435853,,9.931866879754574,,,
2021-03-29 06:15:00+02:00,,,23617.83648435853,,9.931866879754574,,,
2021-03-29 06:30:00+02:00,,,23617.83648435853,,9.931866879754574,,,
2021-03-29 06:45:00+02:00,,,23617.83648435853,,9.931866879754574,,,
2021-03-29 07:00:00+02:00,,54.00091134328016,23242.318775050422,,678.9515404697278,,,
2021-03-29 07:15:00+02:00,,,23242.318775050422,,678.9515404697278,,,
2021-03-29 07:30:00+02:00,,,23242.318775050422,,678.9515404697278,,,
2021-03-29 07:45:00+02:00,,,23242.318775050422,,678.9515404697278,,,
2021-03-29 08:00:00+02:00,,55.55458860648282,23137.520518921858,,4671.39867809504,,,
2021-03-29 08:15:00+02:00,,,23137.520518921858,,4671.39867809504,,,
2021-03-29 08:30:00+02:00,,,23137.520518921858,,4671.39867809504,,,
2021-03-29 08:45:00+02:00,,,23137.520518921858,,4671.39867809504,,,
2021-03-29 09:00:00+02:00,,50.80550014429214,23296.32102778887,,9307.869018115112,,,
2021-03-29 09:15:00+02:00,,,23296.32102778887,,9307.869018115112,,,
2021-03-29 09:30:00+02:00,,,23296.32102778887,,9307.869018115112,,,
2021-03-29 09:45:00+02:00,,,23296.32102778887,,9307.869018115112,,,
2021-03-29 10:00:00+02:00,,46.77249975427507,23415.104200699272,,13717.564189591867,,,
2021-03-29 10:15:00+02:00,,,23415.104200699272,,13717.564189591867,,,
2021-03-29 10:30:00+02:00,,,23415.104200699272,,13717.564189591867,,,
2021-03-29 10:45:00+02:00,,,23415.104200699272,,13717.564189591867,,,
2021-03-29 11:00:00+02:00,,43.072752258680396,23721.01699008104,,17129.828728883625,,,
2021-03-29 11:15:00+02:00,,,23721.01699008104,,17129.828728883625,,,
2021-03-29 11:30:00+02:00,,,23721.01699008104,,17129.828728883625,,,
2021-03-29 11:45:00+02:00,,,23721.01699008104,,17129.828728883625,,,
2021-03-29 12:00:00+02:00,,39.59216525884857,23887.581931927227,,19182.740891477235,,,
2021-03-29 12:15:00+02:00,,,23887.581931927227,,19182.740891477235,,,
2021-03-29 12:30:00+02:00,,,23887.581931927227,,19182.740891477235,,,
2021-03-29 12:45:00+02:00,,,23887.581931927227,,19182.740891477235,,,
2021-03-29 13:00:00+02:00,,37.077156598245686,23961.058910779495,,19864.60356563196,,,
2021-03-29 13:15:00+02:00,,,23961.058910779495,,19864.60356563196,,,
2021-03-29 13:30:00+02:00,,,23961.058910779495,,19864.60356563196,,,
2021-03-29 13:45:00+02:00,,,23961.058910779495,,19864.60356563196,,,
2021-03-29 14:00:00+02:00,,36.98845191791852,22423.150956745478,,18153.243222536632,,,
2021-03-29 14:15:00+02:00,,,22423.150956745478,,18153.243222536632,,,
2021-03-29 14:30:00+02:00,,,22423.150956745478,,18153.243222536632,,,
2021-03-29 14:45:00+02:00,,,22423.150956745478,,18153.243222536632,,,
2021-03-29 15:00:00+02:00,,40.43971179189495,19127.76394565511,,15563.151444346353,,,
2021-03-29 15:15:00+02:00,,,19127.76394565511,,15563.151444346353,,,
2021-03-29 15:30:00+02:00,,,19127.76394565511,,15563.151444346353,,,
2021-03-29 15:45:00+02:00,,,19127.76394565511,,15563.151444346353,,,
2021-03-29 16:00:00+02:00,,40.63517432556485,16077.263466922643,,11866.008142014354,,,
2021-03-29 16:15:00+02:00,,,16077.263466922643,,11866.008142014354,,,
2021-03-29 16:30:00+02:00,,,16077.263466922643,,11866.008142014354,,,
2021-03-29 16:45:00+02:00,,,16077.263466922643,,11866.008142014354,,,
2021-03-29 17:00:00+02:00,,49.14253697082857,13458.148404574347,,7482.995417825048,,,
2021-03-29 17:15:00+02:00,,,13458.148404574347,,7482.995417825048,,,
2021-03-29 17:30:00+02:00,,,13458.148404574347,,7482.995417825048,,,
2021-03-29 17:45:00+02:00,,,13458.148404574347,,7482.995417825048,,,
2021-03-29 18:00:00+02:00,,54.3024551027959,11321.510042465798,,3354.6916476667407,,,
2021-03-29 18:15:00+02:00,,,11321.510042465798,,3354.6916476667407,,,
2021-03-29 18:30:00+02:00,,,11321.510042465798,,3354.6916476667407,,,
2021-03-29 18:45:00+02:00,,,11321.510042465798,,3354.6916476667407,,,
2021-03-29 19:00:00+02:00,,58.05112205414914,9576.22297285153,,643.5936370276381,,,
2021-03-29 19:15:00+02:00,,,9576.22297285153,,643.5936370276381,,,
2021-03-29 19:30:00+02:00,,,9576.22297285153,,643.5936370276381,,,
2021-03-29 19:45:00+02:00,,,9576.22297285153,,643.5936370276381,,,
2021-03-29 20:00:00+02:00,,55.776253895910564,9217.810181103609,,0.0,,,
2021-03-29 20:15:00+02:00,,,9217.810181103609,,0.0,,,
2021-03-29 20:30:00+02:00,,,9217.810181103609,,0.0,,,
2021-03-29 20:45:00+02:00,,,9217.810181103609,,0.0,,,
2021-03-29 21:00:00+02:00,,48.947487905465806,9979.780267620268,,0.0,,,
2021-03-29 21:15:00+02:00,,,9979.780267620268,,0.0,,,
2021-03-29 21:30:00+02:00,,,9979.780267620268,,0.0,,,
2021-03-29 21:45:00+02:00,,,9979.780267620268,,0.0,,,
2021-03-29 22:00:00+02:00,,45.09532088728817,11010.587559411197,,0.0,,,
2021-03-29 22:15:00+02:00,,,11010.587559411197,,0.0,,,
2021-03-29 22:30:00+02:00,,,11010.587559411197,,0.0,,,
2021-03-29 22:45:00+02:00,,,11010.587559411197,,0.0,,,
2021-03-29 23:00:00+02:00,,40.17208448811119,12106.454563804116,,0.0,,,
2021-03-29 23:15:00+02:00,,,12106.454563804116,,0.0,,,
2021-03-29 23:30:00+02:00,,,12106.454563804116,,0.0,,,
2021-03-29 23:45:00+02:00,,,12106.454563804116,,0.0,,,
